,,,,,,,,,,,,,,,,
,,,,,,,,,,,,,,,,
Jersey,Name,Position,height,weight,GPA,Grad Year,Contact Info for the Flyer,phone,Player Profile,INFO HAS BEEN CHECKED,Check if Profile is Updated for Seattle,Elliot to generate QR Code,Rhoda to add QR code to Canva,Height,Weight,GPA
1,Eliot Kline,Goalkeeper,"5'6""",,4.0,2029,eliot.kline@gmail.com,,Eliot Kline Player Profile,FALSE,TRUE,TRUE,TRUE,"5'7""",125,4.0
1,Ava Golshan,Goalkeeper,,,,2029,avagolshana@gmail.com,,,FALSE,FALSE,FALSE,FALSE,,,
7,Elise Laxague,Midfielder ,"5'2""",,4.0,2029,eliselaxague11@gmail.com,,Elise Laxague (1).pdf,TRUE,TRUE,TRUE,TRUE,"5'3""",112,4.0
2,Maya Onalfo,Goalkeeper,,,,2029,mayaonalfo@gmail.com,,Maya Onalfo Profile,,TRUE,TRUE,TRUE,,,
3,Faith Vrionis,Defender,,,,2029,faith.vrionis@icloud.com,,Faith Vrionis Player Profile (1).pdf,FALSE,TRUE,TRUE,TRUE,"5'10""",,4.05
4,Isabella Guillebeaux,Midfielder,,,,2028,,,,FALSE,FALSE,FALSE,FALSE,,,
4,Breeze Longhenry,Defender,"5'5""",,3.9,2030,breezelonghenry@gmail.com,,Breeze Longhenry Profile,TRUE,TRUE,TRUE,TRUE,,,
9,Quinn Mozdean,Forward,"5'8""",,4.0,2029,quinnmp2@gmail.com,,Quinn Mozdean Player Profile,TRUE,TRUE,TRUE,TRUE,"5'8""",145,4.0
10,Ellie Tarabichi,Forward,"5'5""",,,2029,ellietarabich@gmail.com,,Ellie Tarabichi Player Profile.pdf,FALSE,TRUE,TRUE,TRUE,"5'6""",130,
11,Sienna Ranaweera,Midfielder,,,,2029,siennaranaweera@gmail.com,,Sienna Ranaweera Player Profile,FALSE,TRUE,TRUE,TRUE,"5'2""",,4.17
12,Yoonwoo Kim,Midfielder,"5'6""",,4.0,2029,yoonrosesweet@gmail.com,,Yoonwoo Kim Player Profile (1).pdf,FALSE,TRUE,TRUE,TRUE,"5'6""",120,4.0
14,Marley Dorsey,Defender,"5'6""",,3.86,2029,marleydorsey@gmail.com,,MarleyDorsey playerprofile.pdf,TRUE,TRUE,TRUE,TRUE,,,
15,Meera Ramasubramanian,Defender,,,,2029,meera.ramaliao@gmail.com,,,FALSE,FALSE,FALSE,FALSE,,,
17,Laila Alqudah,Midfielder,,,,2028,laila.alqadah@yahoo.com,,,FALSE,FALSE,FALSE,FALSE,,,
18,Ella Harris,,,,,,,,,FALSE,FALSE,FALSE,FALSE,,,
20,Sofia Marini,Winger,,,,2028,sofiamarini2028@gmail.com,,,FALSE,FALSE,FALSE,FALSE,,,
22,Mia Tally,Defender,"5'8""",,3.93,2029,miatally.soccer@gmail.com,,Mia Tally #22 Player Profile.pdf,TRUE,TRUE,TRUE,TRUE,"5'8""",,3.93
24,Camille Chamberlain,Forward,"5'8""",,4.0,2029,mack.turf.15@gmail.com,,Mack Chamberlain Player Card.pdf,TRUE,TRUE,TRUE,TRUE,"5'8""",,4.0
25,Emma Holtz,Defender,"5'5""",,,2029,emmaholtz25@gmail.com,,Emma Holtz #25 (1).pdf,TRUE,TRUE,TRUE,TRUE,"5'5""",,3.8
26,Sakura Kapla,Midfielder/Forward,5'6,,4.17,2029,sakurakapla@gmail.com,,Sakura Kapla #26,TRUE,TRUE,TRUE,TRUE,"5'6""",125,4.17
28,Jessica Teixeira,Goalkeeper,,,,2028,jess.teixeira10@gmail.com,,,FALSE,FALSE,FALSE,FALSE,,,
30,Amaya Espinoza,Winger,,,,2029,,,,FALSE,FALSE,FALSE,FALSE,,,
32,Kayla Halada,Forward,"5'3""",,4.0,2029,Kaylahaladasoccer@gmail.com,,Kayla Halada Profile,,TRUE,TRUE,TRUE,,,
37,Avery Richter,Defender,,,,2029,averynadiarichter@gmail.com,,,,FALSE,FALSE,FALSE,,,
46,Isabella Gagni,Winger,"5'2""",,3.7,2029,Rgagni95037@yahoo.com,,Isabella Gagni Profile,,TRUE,TRUE,TRUE,,,
49,Sadie Goldberg,,,,,,sadiewgoldberg@icloud.com,,,,FALSE,FALSE,FALSE,5'9,120,n/a